{
  "MLP": {
    "loss": [
      0.7584676742553711,
      0.4049973785877228,
      0.3469517230987549,
      0.31529700756073,
      0.29268133640289307,
      0.27592048048973083,
      0.2632218599319458,
      0.2522973418235779,
      0.24401968717575073
    ],
    "val_loss": [
      0.8276852369308472,
      0.6038557887077332,
      0.5801904797554016,
      0.5616065859794617,
      0.5526360273361206,
      0.5399397611618042,
      0.5422474145889282,
      0.5494769811630249,
      0.5715977549552917
    ],
    "val_f1": [
      0.5123397182033608,
      0.5611004724235156,
      0.570626230932295,
      0.573872321117062,
      0.5797242560755719,
      0.5847428084647076,
      0.5901466290820457,
      0.592056926590165,
      0.5925899807996451
    ]
  },
  "1D CNN": {
    "loss": [
      0.7555357217788696,
      0.44694647192955017,
      0.3830663859844208,
      0.35075870156288147,
      0.3302075266838074,
      0.31494781374931335,
      0.30318570137023926,
      0.2926161289215088
    ],
    "val_loss": [
      1.4302940368652344,
      0.7016556262969971,
      0.6615298986434937,
      0.6401609182357788,
      0.6145269274711609,
      0.6200034022331238,
      0.619029700756073,
      0.6196573972702026
    ],
    "val_f1": [
      0.34538027072923444,
      0.54551733930596,
      0.5562747855137526,
      0.5653770860771679,
      0.5683383829908668,
      0.5704408103765772,
      0.5718470725225526,
      0.5725837117990965
    ]
  }
}