{
  "MLP": {
    "loss": [
      0.7726101875305176,
      0.41275554895401,
      0.35173898935317993,
      0.32089442014694214,
      0.3004898428916931,
      0.28357604146003723,
      0.27043572068214417,
      0.2592701017856598,
      0.2504560351371765,
      0.24270306527614594
    ],
    "val_loss": [
      0.6757827401161194,
      0.6117433905601501,
      0.5808664560317993,
      0.5632784962654114,
      0.5487031936645508,
      0.5477339625358582,
      0.5475207567214966,
      0.5510354042053223,
      0.555349588394165,
      0.5697389245033264
    ],
    "val_f1": [
      0.5415155056985312,
      0.5650225041511219,
      0.5723497692944746,
      0.5742444390345711,
      0.5787523768664159,
      0.579702612950333,
      0.5855652040127453,
      0.5891014392682521,
      0.5904270703122035,
      0.5923062020990297
    ]
  },
  "1D CNN": {
    "loss": [
      0.8367375731468201,
      0.4589446187019348,
      0.389879047870636,
      0.35768914222717285,
      0.337157279253006,
      0.3230750560760498,
      0.3119194507598877,
      0.30272573232650757,
      0.2947177290916443,
      0.287293404340744,
      0.27996131777763367,
      0.2737619876861572,
      0.2677338421344757,
      0.2623659670352936,
      0.2574355900287628
    ],
    "val_loss": [
      1.489788293838501,
      0.702949583530426,
      0.6612959504127502,
      0.6288160681724548,
      0.612348198890686,
      0.6076712608337402,
      0.596208930015564,
      0.5982418656349182,
      0.5951614379882812,
      0.5987181067466736,
      0.5828314423561096,
      0.5723663568496704,
      0.5756934285163879,
      0.5756431221961975,
      0.5798887014389038
    ],
    "val_f1": [
      0.32259808181886906,
      0.5179982735006625,
      0.5506440156238404,
      0.5602838900150144,
      0.567609127459242,
      0.5666461581092443,
      0.5693057041190867,
      0.5717286875358534,
      0.5743786824620466,
      0.5753790357351305,
      0.5783472732014403,
      0.580164667185663,
      0.5817851870581519,
      0.582921319769597,
      0.5853156463055947
    ]
  }
}