{
  "mlp_history": {
    "accuracy": [
      0.8585087656974792,
      0.9520087838172913,
      0.9530077576637268,
      0.9530813097953796,
      0.953165590763092,
      0.9532702565193176,
      0.953197181224823,
      0.9531430602073669,
      0.952759861946106,
      0.9524011015892029
    ],
    "loss": [
      0.269027978181839,
      0.12222994118928909,
      0.11303457617759705,
      0.11026670783758163,
      0.10866754502058029,
      0.1069796159863472,
      0.10602162033319473,
      0.10799553990364075,
      0.11410541087388992,
      0.11607442796230316
    ],
    "val_accuracy": [
      0.9507506489753723,
      0.951392412185669,
      0.95151287317276,
      0.9515971541404724,
      0.9516499638557434,
      0.9517656564712524,
      0.951789915561676,
      0.9516509175300598,
      0.9516171216964722,
      0.9516913890838623
    ],
    "val_loss": [
      0.17325346171855927,
      0.16068845987319946,
      0.15561458468437195,
      0.15404537320137024,
      0.15107212960720062,
      0.1471645087003708,
      0.14285646378993988,
      0.15406917035579681,
      0.16354313492774963,
      0.15265056490898132
    ]
  },
  "cnn_history": {
    "accuracy": [
      0.9535804390907288,
      0.9548428654670715,
      0.954920768737793,
      0.9549041986465454,
      0.9549280405044556,
      0.9550344944000244
    ],
    "loss": [
      0.1272735595703125,
      0.09446682780981064,
      0.09295859932899475,
      0.09374560415744781,
      0.09439760446548462,
      0.09490960091352463
    ],
    "val_accuracy": [
      0.9516290426254272,
      0.9516028165817261,
      0.9526968598365784,
      0.9531024694442749,
      0.9529558420181274,
      0.9535133242607117
    ],
    "val_loss": [
      0.1729019582271576,
      0.14306141436100006,
      0.13624577224254608,
      0.1384282410144806,
      0.13933466374874115,
      0.1369583010673523
    ]
  }
}